App Id,Category
1436008834,Games
1303389751,Games
962892510,Social Networking
1045165396,Games
1436817009,Games
979401801,Utilities
1354918944,Games
470225328,Games
1302018227,Games
1415025083,Games
1278869953,Games
1176048946,Games
1202839666,Games
1433103489,Games
1236104279,Games
1153329252,Games
319881193,Social Networking
1444062497,Games
1345968745,Games
1438154014,Games
1277056784,Games
1423608757,Games
1292316109,Entertainment
1320296369,Games
1398987473,Games
1423527464,Games
1398702135,Games
1080465358,Sports
1123685874,Games
1344171057,Games
1093190533,Games
950949627,Games
1086101495,Entertainment
1229630187,Games
456355158,Games
1298839048,Games
1166542799,Entertainment
1414096275,Games
1323088931,Games
585528957,Games
1218756035,Games
1320056680,Games
1284844624,Games
1435807944,Games
1215026315,Games
1384410451,Games
1243426580,Games
650419312,Games
1375487394,Games
1321933151,Games
995336631,Games
1404418358,Games
1169979118,Games
601186099,Games
1367378998,Games
1355694041,Games
1434894823,Games
927006017,Games
1264620108,Games
1353429202,Games
1032985980,Games
1016876971,Games
1376833419,Games
1436060599,Games
1277823046,Entertainment
1161946025,Games
1229744015,Games
1418460739,Games
1436496652,Games
1401837582,Games
1058355648,Games
1358682660,Games
1225888584,Games
1260190370,Games
469329213,Lifestyle
911550133,Games
593567385,Utilities
1372750733,Games
1103238599,Games
398236050,Music
1076509805,Health & Fitness
332499574,Reference
1329893045,Games
1433904767,Games
1138271196,Entertainment
712908978,Photo & Video
1245180154,Games
650840620,Entertainment
1437051907,Entertainment
670766542,Photo & Video
1297903210,Utilities
295830095,Games
879406753,Games
1258251166,Games
586165296,Games
619814752,Weather
1312620714,Games
1197961218,Games
1116441101,Reference
1416569296,Games
1162622110,Games
1234637848,Productivity
901574501,Navigation
841415461,Games
448624691,Games
1317586193,Entertainment
1114613702,Games
434135994,Reference
1338784290,Games
1350788155,Entertainment
1096541212,Lifestyle
892333518,Games
517052455,Music
1277325019,Games
1044550527,News
1436136401,Games
1434230685,Games
1404229497,Games
573536821,Games
1036141497,Music
1213875863,Lifestyle
1438543683,Games
1093080523,Games
1441093906,Games
1329514585,Entertainment
303486832,Reference
555281737,Games
1301967636,Games
350426804,Social Networking
1314725881,Games
1379080711,Games
1263934706,Games
775402833,Games
1335772572,Games
582654048,Games
993492744,Games
1437370468,Games
645705454,Games
1091456207,Games
975364678,Games
977150768,Games
1318292856,Games
1277029359,Games
1276263909,Utilities
1383187127,Games
1081075274,Games
918606368,Games
1436327767,Games
1332583130,Games
1181488189,Games
1143705385,Games
1011376303,Games
1361030006,Photo & Video
959502665,Games
1342112505,Games
1327435891,Games
1246165006,Entertainment
1200921809,Games
1047961826,Games
1434521545,Games
1348287060,Games
1437596462,Games
1036661603,Games
1308181322,Games
1364187784,Games
1400072268,Games
1444781694,Games
1407604160,Games
293778748,Games
1436878880,Games
1431556749,Games
1294981104,Games
1225548580,Games
1308209088,Games
1436348748,Games
1340788392,Games
1202240058,Games
1435899684,Games
1278922336,Games
1141762073,Games
1406739414,Games
1057554325,Games
1073986257,Games
1213561116,Games
1360768582,Games
1438716912,Games
1258027083,Games
1352933197,Games
1406337644,Games
1443190579,Games
1206761632,Games
1207472156,Games
1271341983,Games
794296000,Social Networking
1180467988,Games
1249943261,Games
1038350489,Games
1168548464,Games
1368385399,Games
1155905318,Games
1228553191,Games
1321606577,Games
684168069,Games
1338668933,Games
859204347,Games
1288758206,Games
933132958,Games
1294573637,Games
1349404829,Games
1208359453,Games
690684505,Utilities
1276477518,Games
1112386099,Health & Fitness
448304085,Games
1233344828,Photo & Video
1242159382,Entertainment
1086483007,Games
1326524663,Music
1053241118,Music
1301993731,Games
768101576,Games
1358312640,Entertainment
836670421,Games
1217267627,Music
1076314983,News
838084678,Games
738257888,Entertainment
525506779,Games
1231737310,Games
889854362,Games
1274350661,Education
849654325,Games
1252249963,Games
630509137,Photo & Video
1257074055,Games
1333523965,Games
997811612,Games
1359242454,Games
479242966,Games
1299611345,Games
1253048229,Games
651510680,Games
1336928392,Games
1068366937,Games
1253027907,Games
937718942,Games
1084813529,Games
1230260754,Games
1316911967,Games
1122444037,Games
1436616007,Games
1350301428,Social Networking
1087664350,Books
1134895689,Games
867654947,Games
1002340615,Games
1286964358,Games
1441292916,Games
1435144729,Games
1300058820,Games
1443448520,Games
1296847499,Games
1436776211,Games
1208244349,Games
1342545230,Games
1362785881,Games
1312626695,Games
1442401738,Games
1082803487,Music
1260495531,Music
537539828,Games
1190849728,Games
1033474969,Games
979341756,Health & Fitness
718198907,Reference
998313304,Lifestyle
1013279592,Entertainment
1230479075,Games
881086023,Games
1163778886,Travel
1190100457,Games
592704252,Games
997728895,Weather
1145128886,Photo & Video
1380448783,Games
497228532,Games
378722461,Utilities
1163973615,Education
1167054726,Utilities
1089890170,Games
1354452189,Games
1280910599,Games
925324244,Games
1315531311,Games
420206088,Music
979888653,Games
1030310599,Games
1435740083,Games
1112429079,Games
957253933,Games
703439482,Games
950830884,Games
1324944755,Games
749046891,Entertainment
1372015773,Games
1218331303,Games
1222275061,Games
1347712990,Games
1097808636,Games
969934912,Games
1196169238,Games
1089272392,Games
1357403867,Games
1039845801,Lifestyle
1144164707,Games
1255169680,Games
1088866155,Games
1208418418,Games
1437716878,Games
640111933,Games
1176482843,Games
1008957297,Games
1049282067,Games
1370475630,Games
1180624641,Games
1279296287,Games
906357856,Games
1414073922,Games
1422866002,Games
1252303037,Games
1134614037,Games
1398120027,Games
1402223859,Games
1301375510,Games
1177953618,Games
1362916873,Games
1138264921,Games
1268644670,Games
1185248896,Games
1443448674,Games
1117841866,Games
1225683141,Games
1035663788,Games
1434365829,Entertainment
1436505078,Games
1197960176,Games
1371293610,Games
1059336403,Games
1327502235,Games
1339001756,Games
1424257445,Games
653508448,Games
1367134653,Games
1390992134,Games
1371963481,Games
1281721367,Games
1413085106,Games
1364375976,Games
951744068,Games
1164424437,Games
1347072403,Games
1019161597,Games
1153965204,Games
1350432166,Games
417571834,Photo & Video
983650508,Games
1219658732,Games
667829467,Books
1441052001,Games
1258962959,Games
1134511982,Games
389762204,Entertainment
1186268161,Travel
694431263,Photo & Video
1363863879,Games
1198071602,Books
1347666572,Games
1281481626,Games
1374868881,Games
1345267655,Entertainment
449442542,Sports
949782856,Games
994411234,Entertainment
429774218,Games
1317544427,Games
1283281960,Entertainment
1299376972,Games
1369521645,Games
1361313065,Games
1236833677,Games
1176011642,Games
1435287007,Games
1415515883,Games
1305849584,Games
1337514468,Games
526641427,Games
1439434856,Games
1239251106,Games
1313161683,Games
1247351418,Games
1393779389,Games
625458492,Utilities
911793120,Games
1407852246,Games
295646461,Weather
591560124,Music
1196764367,Games
1314654833,Productivity
368868193,Health & Fitness
341232718,Health & Fitness
636365643,Music
1191441346,Games
642064350,Music
352969997,News
429610587,Entertainment
314716233,Social Networking
338088432,Social Networking
281940292,Weather
622859960,Shopping
366247306,Games
645704840,Games
1121895111,Sports
1031653653,Weather
804379658,Games
510873505,Photo & Video
290638154,Music
1326845399,Games
471394851,Music
921765888,Music
322439990,Weather
1389111413,Games
1351027839,Games
1318181304,Games
406456433,Entertainment
1412716725,Games
1124197642,Games
1153883316,Games
1089336971,Games
449649021,News
962133447,Shopping
978882773,Lifestyle
332510494,Education
358899126,Social Networking
1394436000,Games
1413942319,Games
372648912,Social Networking
517840944,Games
543577420,Photo & Video
523001403,Games
1187205113,Games
285692706,Sports
839285684,Health & Fitness
398129933,Utilities
657500465,Games
372836496,Games
1423046460,Games
420427970,News
414569920,Navigation
399355755,Social Networking
488628250,Games
333647776,Entertainment
439873467,Games
444741112,Education
1217456898,Food & Drink
299515267,Food & Drink
302324249,Social Networking
1412721542,Games
286756410,Social Networking
1424533120,Games
600674056,Games
420758036,News
955006480,Productivity
1413770650,Games
1116661566,Games
1329653234,Games
1438261934,Games
623789705,Games
914172791,Education
1229515923,Games
1073286211,Games
1312798014,Games
1426272485,Games
1292166101,Games
1065519624,Games
1385059317,Games
1367371716,Games
1434524349,Games
1291205700,Games
1093108529,Entertainment
1247286024,Games
1313309508,Games
1406242911,Games
1017803760,Games
1145420529,Games
1193098743,Games
1400134578,Games
1203100595,Games
420009108,Games
1414961351,Games
1435320545,Games
848728690,Games
1390607396,Games
1406380550,Games
1384700608,Games
1401966349,Games
1372638631,Games
1438112093,Games
845129661,Games
1220294759,Games
1440287754,Games
1347934041,Games
1210337654,Games
1229594838,Games
1291037694,Games
1069691018,Games
785356686,Games
887947640,Games
1164507836,Games
1296887767,Games
1163575523,Games
1238114713,Games
1344851805,Games
1291854522,Games
1145541321,Games
1435037864,Games
1189800250,Games
301987699,Games
514485964,Social Networking
1256512567,Photo & Video
1260431017,Games
1178656055,Games
473507897,Games
1374812536,Games
1079277628,Education
1050587649,Utilities
1129361921,Games
1122103116,Games
1210752819,News
1161708554,Photo & Video
966536279,Games
1276695139,Games
1251920220,Games
1368617562,Games
1436170143,Games
1314642201,Games
878895252,Music
1403246503,Games
1149204548,Games
749124884,Utilities
1216396545,Weather
1274972321,Games
919745844,Social Networking
381471023,Utilities
462678375,Social Networking
1293646758,Entertainment
593715088,Games
1423504857,Games
410094240,News
1261300725,Games
448999087,Entertainment
1324604053,Games
1163786766,Lifestyle
1193508329,Games
495583717,Games
546473125,Education
568147279,News
1064910141,Health & Fitness
504265646,Games
1347129450,Games
1299956969,Games
486154808,Weather
1331794412,Games
1195770330,Games
1437615191,Games
1336527043,Games
980665604,Sports
595558452,Games
1115249449,Games
397648381,Social Networking
444538941,Games
367506176,Health & Fitness
424216726,Lifestyle
1186154558,Games
1437997401,Games
1192665604,Games
1119445248,Games
1340860865,Games
1235581326,Games
1351000424,Games
1432184360,Games
1384741554,Entertainment
1399506350,Games
966436749,Games
1413244113,Games
1014980954,Games
1214765807,Games
1027433400,Music
558164329,Games
1411454083,Games
1417797931,Entertainment
1101109456,Games
1337904119,Entertainment
979324502,Health & Fitness
650371821,Games
1242807565,Games
1436044871,Games
924427105,Photo & Video
521559009,Games
1231932402,Games
989080135,Games
1314944814,Games
1388822317,Games
1233739175,Games
639881495,Photo & Video
569077959,Social Networking
1055672607,Games
454768104,Photo & Video
1383617381,Games
1434183828,Games
1434995918,Games
635896473,Social Networking
1394442481,Games
1396519782,Games
959568432,Games
1317690198,Games
1096884447,Games
1394674470,Games
1440363921,Games
1119569595,Games
1145878423,Games
1147946787,Games
1159035153,Games
1297278170,Games
1393042194,Games
1125906574,Games
1136973333,Games
1069370674,Games
1141835258,Music
1090617661,Games
1250622359,Games
1066784117,Games
1243468357,Games
1438493375,Games
1313499187,Games
1212861987,Photo & Video
1364387656,Games
1401917588,Games
1366814158,Entertainment
921098848,Games
1425014150,Games
1362689436,Games
587366035,Photo & Video
1123930673,Games
1319500389,Games
1096825045,Games
356336433,News
1150344350,Games
1434562378,Games
749133753,Weather
1434587078,Games
290051590,Lifestyle
1374403536,Games
420447115,Medical
1213354902,Games
1281878296,Games
379516970,Lifestyle
1337578317,Games
1342468799,Games
488237027,News
840919914,Games
1026909621,Games
1436557189,Games
718081110,Games
1215058822,Entertainment
1024822336,Music
1268503848,Lifestyle
1063743554,Games
1090857568,Entertainment
1237519892,Games
735129045,Entertainment
1139991565,Utilities
915554816,Games
1263809665,Games
1069160488,Games
1189121774,Games
1219797995,Games
1390513753,Games
1317978215,Entertainment
1442415546,Games
1032040117,Games
1377999719,Games
1123413069,Games
1034630958,Games
1086415081,Games
1439154323,Games
1257043104,Games
848469604,Games
1224067836,Games
1435911022,Games
1435758523,Games
1093714835,Games
1351719370,Games
1438377117,Games
1233676270,Games
1286242780,Games
1412771585,Games
1161865954,Games
1081951977,Games
979339825,Health & Fitness
1163605498,Games
1262026106,Entertainment
910700569,Music
595970264,Games
581754163,Lifestyle
1403550096,Games
1262262200,Games
1340819732,Games
995289739,Games
1096002756,Games
1330894635,Games
976851174,Games
1153928817,Games
932426088,Games
1436567310,Games
1062308470,Entertainment
1263958162,Health & Fitness
1348282377,Games
956800019,Games
1196793884,Entertainment
1200758624,Entertainment
503583724,Games
1387166029,Health & Fitness
1104796100,Games
325175527,Games
1406725978,Games
1137107163,Games
1342732090,Lifestyle
1268685361,Music
930794252,Games
1434645304,Games
1159475164,Games
611470289,Photo & Video
1287614200,Social Networking
1022433409,Games
1265035248,Lifestyle
899742657,Music
484829437,Productivity
1359333657,Games
665694824,Games
1403281172,Productivity
501478352,Finance
1318177580,Games
1225567974,Games
680270408,Finance
1032844176,Games
1128079844,Games
1265145322,Games
1084448255,Entertainment
976545767,Games
999261235,Games
1251893010,Games
406393007,Music
1121121404,Games
1064017845,Games
1064497671,Games
1115751006,Games
1244210673,Games
1393042017,Games
1313800622,Games
1328266576,Games
1370483471,Games
1242227872,Games
1182341536,Games
1034019709,Games
1364842664,Games
334426124,Sports
1434308527,Games
1064429971,Games
1142503313,Games
859866568,Games
1438220071,Games
1141842849,Games
1069445489,Games
1438608172,Games
1146128499,Games
646803444,Games
1375330146,Lifestyle
828410902,Games
1263244097,Games
1357553368,Games
1308256133,Games
1342524735,Games
1172213338,Games
959281141,Games
1299906160,Games
1135191483,Games
1118295260,Games
1370965530,Games
1434689824,Games
1215254633,Games
1357172215,Games
1349699982,Games
1108482741,Games
1118882627,Games
1436857824,Education
1017311881,Games
1154643370,Games
337735624,Games
359002643,Entertainment
1085489362,Games
1063302971,Entertainment
1396555870,Games
469609836,Social Networking
1353293340,Games
1325530121,Games
1278919579,Games
1190611967,Games
947742764,Games
1246080229,Games
1230479042,Games
1185637855,Games
959498315,Games
898040123,Games
566229012,News
506071794,News
1078160821,Games
416145671,Games
652945710,Games
579962583,Education
1048786895,Sports
525781368,Music
648668184,Games
1085652055,Photo & Video
937261650,Games
1210244851,Games
359917414,Games
299948601,Entertainment
398269756,News
1435120620,Games
1254037943,Lifestyle
648154021,Business
581389616,News
494474881,Health & Fitness
1370245504,Games
1440293279,Games
1417799395,Games
1425793208,Games
966490697,Games
1402499966,Games
330376830,Health & Fitness
1143920524,Utilities
564540143,Games
723644263,Games
1439578719,Games
298307011,Music
747403894,Games
467154094,Weather
493794012,Utilities
1272152941,Games
427814191,Games
1066752474,Games
1248859635,Games
1404426295,Games
925016244,Entertainment
883237617,Games
1273162445,Games
1263426717,Games
912390687,Music
1298487584,Games
1156044443,Games
969086312,Photo & Video
1320739918,Games
1288430163,Games
909351158,Games
1032267351,Health & Fitness
506141837,Social Networking
525958087,Entertainment
955870934,Photo & Video
1293658302,Games
1441941417,Games
834370671,Finance
486645049,Utilities
467273272,News
1364335112,Games
545551605,Entertainment
1252188085,Games
1023782170,Games
336456412,Business
1348173937,Games
1184083151,Games
1057340661,Games
1313561414,Games
1219432055,Games
658308834,Sports
412443566,Health & Fitness
1386577169,Entertainment
533031474,Productivity
576177593,Entertainment
733948370,Entertainment
1087161387,Music
300048137,Weather
381982120,Navigation
1099109257,Games
1245499117,Games
1371019709,Games
475976577,Lifestyle
1435504955,Games
1405607526,Games
1061633775,Education
1382192900,Games
1238025108,Games
1439788667,Games
1277486668,Games
363920434,Lifestyle
635573390,Games
1435033647,Games
1197041040,Games
710535379,Sports
1407592153,Games
369971145,Lifestyle
405100477,Weather
1289104241,Games
1052985771,Games
289560144,Health & Fitness
627194294,Health & Fitness
964748094,Health & Fitness
539124565,Social Networking
529000772,Utilities
956081467,Music
1407804709,Games
1438815137,Games
415950922,Weather
1108841391,Games
1263118728,Games
321916506,Games
528732981,Weather
1420058690,Games
400719305,Health & Fitness
1255032913,Games
566237798,Lifestyle
992332888,Productivity
429708087,Navigation
1212951043,Games
1069361548,Entertainment
1037595083,Health & Fitness
324685957,Social Networking
291890420,Health & Fitness
335445524,Games
537609905,Finance
896501514,Health & Fitness
1139609950,Games
617045654,Weather
1373579374,Games
997362197,Photo & Video
1200891906,Games
1354940721,Games
1154406242,Games
1237389186,Games
1310212267,Entertainment
1417124994,Entertainment
1322446828,Games
986709487,Games
1236602596,Games
1433881400,Games
977862069,Games
428146680,Travel
367100181,News
1355767781,Games
395979574,Games
470179308,Lifestyle
1255042213,Games
422080008,Entertainment
369691844,Navigation
532457588,Food & Drink
653967729,Games
1053130968,Games
546821797,Photo & Video
308331524,Utilities
721623204,Games
1226965007,Games
484114103,Games
1171026725,Games
1331831564,Entertainment
1436044849,Games
1419586494,Games
839599050,Games
1439282938,Games
1358243461,Games
1204824670,Games
781383622,Photo & Video
300704847,Utilities
1384801188,Games
606413051,Games
1419954157,Games
521207075,Shopping
555260595,Social Networking
513603251,Games
1117759071,Games
1432032744,Games
1090276143,Games
1320535586,Games
1290049311,Games
1399439654,Social Networking
1045436888,Games
638229867,Games
1436842297,Games
373780572,Games
1328223125,Games
1444677406,Games
1239740406,Games
1159232511,Games
420526286,News
529057862,Lifestyle
894546091,Entertainment
500962489,Games
1102415991,Games
1100548985,Photo & Video
476555713,Utilities
416867919,Music
1145500015,Games
1292502160,Games
1286537390,Entertainment
1081296743,Games
1289663428,Games
1058317706,Games
1288458862,Games
1209083773,Games
797701494,Games
997323990,Games
1207239009,Games
1188384215,Games
1339245119,Games
1252963998,Games
1215300354,Games
1393997771,Games
1272123223,Games
1422057687,Games
387301602,Games
426130673,News
388838723,Utilities
891722241,Sports
292987597,Health & Fitness
1098805023,Lifestyle
325851015,Shopping
1159360534,Games
580778301,Productivity
1232693016,Games
1115565187,Social Networking
1163798425,Games
1346797969,Games
1137673647,Games
922638386,Games
921827126,Utilities
779656557,Medical
518469483,Navigation
1370327712,Games
962050549,Games
1098189391,Games
1144401880,Games
596159212,Books
966460837,Lifestyle
407108860,Productivity
1340929016,Games
384101264,News
469396327,News
994855806,Games
1179935645,Lifestyle
1172964810,Games
506375544,Weather
500964912,Games
1421219214,Games
563155321,Business
531366264,News
1119560044,Games
1250312807,Productivity
337604610,News
975414811,Books
449621749,News
421360650,Health & Fitness
314498713,Health & Fitness
928747806,Shopping
1068808996,Games
1340860032,Games
1255416149,Games
1231464240,Games
1433686529,Games
1085983127,Games
348529054,Utilities
973056418,Music
1197354394,Games
804641004,Productivity
622434129,Photo & Video
386505750,News
429007990,Weather
1439759880,Games
484569962,News
418398949,Weather
389571743,News
1424916256,Lifestyle
1415559267,Games
1039731496,Games
1318625606,Games
722696868,News
1196953001,Music
584632814,Shopping
488537620,News
696014681,Weather
514772744,Sports
1358671513,Games
568471693,Health & Fitness
431685286,Lifestyle
1243351872,Games
1317765839,Games
1057968965,Music
315241195,Finance
1420487784,Games
1308371227,Games
1190232033,Utilities
937072424,Travel
1302753612,Games
1360420882,Games
1031509294,Games
1317195834,Entertainment
620067490,Social Networking
1078643602,Games
751363884,Games
399057337,Travel
935588678,Lifestyle
308750436,Reference
1134663276,Games
355554941,Music
1262870782,Games
1201725025,Lifestyle
1084252650,Games
393858792,Games
1440971279,Games
1404604761,Games
1225036329,Photo & Video
1161724508,Games
1436433223,Games
1267707161,Games
1365309175,Productivity
919405673,Utilities
1437753970,Games
1441951706,Games
1027823404,Games
1277646303,Games
1228674671,Games
1317632685,Games
1391324238,Games
979598664,Games
1246242106,Photo & Video
1174964304,Photo & Video
1087085679,Games
1215670487,Games
1278565002,Games
1412519426,Games
674475160,Games
1299514943,Games
1361012099,Photo & Video
1445466436,Games
1097021309,Games
378161776,Games
1387302321,Games
1019885189,Social Networking
392550386,Social Networking
1376455581,Games
1108479411,Games
695531774,Games
1397487777,Games
1127240206,Games
708600202,Games
1050465729,Games
1384622732,Games
1191435163,Games
1445434298,Games
470656567,Weather
1316937847,Games
1330237721,Games
1378820186,Games
1151747316,Games
901476753,Games
1265614682,Games
1237172656,Games
1122666528,Games
998665159,Games
974135847,Games
1314214308,Games
1195342853,Education
1101622812,Games
1356495807,Games
1438089337,Games
1269638287,Games
1272052454,Games
1440455653,Games
1344702806,Games
1325088893,Games
1273891658,Games
1025707485,Productivity
502939436,Entertainment
947863045,Food & Drink
1169675039,Entertainment
891132290,Music
947281623,Entertainment
1410715405,Games
405263151,Games
339532909,Entertainment
396301854,Productivity
1421029295,Games
1103668240,Games
1118406919,Games
1401727934,Games
1300500620,Games
1144352844,Utilities
1382613712,Games
398990729,Games
417047728,Lifestyle
388389451,Reference
1027116396,Games
1380734374,Games
597851882,Photo & Video
498408628,News
1403225664,Games
408023130,Weather
991750569,Games
480189064,Games
1346574263,Games
306310789,Books
773121479,Games
505232685,News
449733109,News
1404967851,Games
766443283,Sports
493619333,Sports
1102844876,News
950766480,Photo & Video
1300588558,Games
1434397542,Games
1073501073,Games
1403748358,Games
1071310449,Games
1348678366,Games
1055402544,Games
1434442244,Entertainment
648390373,Games
1437553462,Games
1368444461,Games
1326696973,Games
570655455,Games
1274944007,Games
1073959479,Games
1055455919,Games
1214716040,Games
1094138419,Games
1085488038,Games
1278836780,Games
1187611970,Games
1032018059,Music
1201970252,Music
828377094,Games
734383232,Entertainment
1438752267,Music
1013838575,Games
1404220945,Games
1171311339,Games
1001780528,Games
1308886071,Games
1123003954,Games
1392850214,Games
965869424,Games
487127942,Utilities
901900997,Games
1357131935,Games
547278741,News
1364819335,Games
1118431695,Games
391514185,Education
1086379636,Games
964738592,Games
1277182498,News
1385608536,Games
311395856,Games
1305610696,Games
939573083,Games
1296699375,Games
1311856863,Games
1146945768,Games
1310218912,Games
1359695238,Games
1378165146,Games
1287171334,Games
1185735018,Entertainment
1404419108,Lifestyle
1253690514,Social Networking
586167688,Business
1392946805,Games
307184892,Sports
1193528241,Games
1195757615,Games
1437101900,Games
894778729,Games
1089225191,Games
1344501720,Games
892761988,Games
1254368918,Utilities
1044531931,News
1044527592,Lifestyle
1183920377,Entertainment
770943179,Education
1230955852,Games
1193963529,Games
1435422012,Games
954153702,Games
1354515688,Games
1401219925,Games
1441445569,Games
1353505166,Games
1246087548,Games
793753310,Games
1426300386,Games
1348936707,Games
1126354430,Books
1071987042,Games
1229754721,Games
1251847638,Games
954297954,Games
973161926,Games
1405593173,Games
1442486872,Games
1365779157,Games
384200512,Games
1363072482,Games
1442564150,Games
975550237,Games
718031953,Reference
678890930,Games
1325521318,Games
1382208971,Games
1333123447,Games
1044534198,Games
816283225,Games
1164236087,Games
1339021541,Entertainment
1133052124,Graphics & Design
1075872386,Games
924907196,Games
889920916,Games
656445197,News
1143417801,Games
885311320,Entertainment
1289094512,Lifestyle
324690258,News
642831690,Games
978810802,Games
1367054026,Games
922488002,Games
1203790171,Games
488222080,News
1121513846,Games
854689871,Health & Fitness
687877464,Games
806719182,Lifestyle
909048916,Lifestyle
1095572547,Games
405862075,Entertainment
720796332,Health & Fitness
393402212,Social Networking
933439687,Weather
552764013,Sports
578496721,Navigation
493299360,Weather
1195886256,Navigation
1026839321,News
1339090371,Games
584986228,Reference
670275118,Games
949498190,Games
909480609,Games
1390624037,Games
1435951901,Games
545395155,Music
331809469,News
1438101474,Games
432450349,Sports
1215360172,Games
420498715,News
951704333,Photo & Video
505507641,News
884095717,Utilities
904275738,Games
849930121,News
1298197591,Games
687222055,Games
1441949789,Entertainment
1434486660,Games
1437255214,Games
1220824397,Games
306937222,Games
1067497655,Games
399452287,Reference
902173725,Games
380908399,Music
416454511,Books
1407567943,Games
1291038640,Education
1142635401,Utilities
866148386,Games
1309486814,Games
1377098598,Games
964436963,Games
1410299856,Games
1205449524,Games
297368629,Health & Fitness
687207809,Games
1132505572,Games
1194219168,Games
530957474,Photo & Video
717754939,Games
1105834924,Games
353938652,Health & Fitness
317374984,Entertainment
845422455,News
688314031,Health & Fitness
568136681,News
1128815270,Games
1314727422,Games
1403992113,Reference
1208338212,Photo & Video
1253570517,Games
1248458735,Games
623158699,Entertainment
396659191,Weather
1099413961,Navigation
1348239067,Games
478653772,Utilities
428652359,Weather
504631398,News
730878935,Games
413543765,Weather
1141349482,Games
1361921699,Games
1367355715,Games
932337035,Games
1196254150,Games
445283501,Games
367287593,Entertainment
1205391576,Games
1316438184,Games
998910618,Games
1418421198,Games
1214223596,Games
1118766358,Games
1417137923,Games
1120695201,Games
1434216737,Games
1024368549,Social Networking
990247742,Lifestyle
718021930,Games
331302745,Productivity
505446332,Social Networking
1129050711,Games
384671902,Weather
550932668,Health & Fitness
421819675,Productivity
663996719,Games
391564049,Utilities
961875786,Games
413112585,Weather
962993853,Games
1332325369,Games
718979056,Games
1390566374,Games
1370307852,Games
1441426628,Games
1334493552,Games
1361529693,Games
1361529190,Entertainment
692998669,Photo & Video
398890666,Games
1163777816,Games
289278457,Games
446531039,News
1057844059,Games
1403244215,Games
1156647353,Photo & Video
1018364252,Music
930574573,Games
1252801250,Games
686478938,Weather
1039418368,Games
1070930456,Health & Fitness
1321750825,Music
322978286,Productivity
1294995340,Games
1410847565,Games
1175871181,Games
938302806,Games
1252460942,Games
1270782229,Games
1334311990,Games
1432760060,Games
933135994,Entertainment
440279995,Photo & Video
1208907397,Games
473299958,Weather
449660326,News
1262502663,Games
1234123014,Games
1255385898,Games
698848120,Games
1312708394,Games
1224226281,Games
1297463606,Games
955358548,Games
1171814682,Games
376098160,Games
1317018868,Games
1228576904,Games
652139982,Games
530457204,Games
1425579722,Games
1017186083,Games
1103427318,Games
1099718747,Photo & Video
1399924592,Games
1441300695,Games
596010536,Games
1415348426,Photo & Video
1016562846,Utilities
1058141665,Social Networking
1400827947,Games
1212327459,Photo & Video
1214259095,Utilities
868758561,Games
1076160335,Books
589000500,Games
311456818,Games
1297059370,Games
398157427,Sports
1001250333,Games
1315384852,Games
966322463,Games
1441947601,Games
1156716750,Games
1406530780,Games
1101992623,Games
1384472278,Games
1240674439,Games
1442193729,Games
1074747535,Games
1270205479,Games
1142744199,Games
1389996968,Games
577037255,Photo & Video
608860296,Games
1435948136,Games
1080588341,Games
1205886626,Games
1097319948,Games
495637457,Games
1373043021,Games
1290165431,Games
1438603283,Games
598439078,Games
1256527196,Games
1315972812,Games
1163654683,Games
1138162108,Entertainment
1394308853,Sports
1241939435,Games
761380454,Games
1350093461,Games
1337826453,Games
1316326901,Games
1222475181,Games
1382142713,Games
1322841122,Games
916267282,Games
1326817565,Games
1386061625,Games
1085488832,Games
859015438,Weather
1237642722,Games
1158910251,Photo & Video
1075846391,Health & Fitness
1216677969,Games
1355669728,Games
1211118856,Games
1175389256,Games
1304925250,Games
1358277938,Games
1387165786,Utilities
1422972690,Games
1287989806,Games
1073594113,Games
1335560611,Games
1446388648,Games
1433867213,Games
1020119327,Games
354902315,Games
1344112523,Games
1361498808,Games
1027978684,Games
1239065985,Games
1079884680,Games
1324927964,Games
1401795256,Games
1301961145,Games
938785853,Games
1147971825,Games
1295366607,Games
1396451884,Games
835215885,Sports
1140908323,Photo & Video
654671575,Games
1092463062,Games
1177301643,Games
556164008,Games
1209083304,Games
1406720149,Games
1207493846,Games
1245293328,Games
1326677737,Games
1234781319,Games
1377332371,Games
1418794453,Games
1428351122,Games
1289098518,Games
1194697604,Entertainment
1068295174,Entertainment
1382207068,Productivity
502847605,Games
1343762972,Games
1362459566,Games
1297896111,Games
1227477597,Games
948623638,Games
1196652374,Photo & Video
1040158406,Games
769737983,Games
1362072943,Games
1191778703,Games
1113223808,Games
1217381869,Games
1047666264,Games
842428499,Weather
1412773762,Games
1255123642,Games
993764346,Games
1313655323,Games
698082806,Health & Fitness
1348577303,Games
1157626939,Games
1207801126,Games
1355569471,Games
1365459776,Games
1186807405,Entertainment
1399067538,Games
1152267570,Games
1416407100,Entertainment
1444990764,Games
1278702526,Games
1396376748,Games
1298579909,Games
1334698564,Games
1057961675,Games
1371336194,Games
939529493,Games
1241224473,Games
1021221577,Games
1437753286,Games
1116488672,Games
1142128785,Games
1240162700,Games
1105233101,Games
1124686975,Games
588937297,Social Networking
1228507736,Games
1332930709,Entertainment
1360270159,Lifestyle
1057860506,Games
570060128,Education
1060018255,Games
1262362476,Games
1269540854,Games
1000876192,Games
1386360572,Games
1417972525,Games
1288477378,Games
1330753970,Games
1198238081,Games
573511269,Games
880178264,Games
1225558991,Productivity
925330759,Social Networking
954182728,Games
1321652251,Games
1279226071,Games
1139724189,Games
1358111232,Games
1433417401,Games
962680846,Games
406889139,Games
1267999556,Reference
1124468718,Games
1277653962,Games
863809868,Social Networking
1317231325,Games
289523017,Games
997700435,Games
1279845498,Games
1338682998,Games
1169029463,Games
1116645064,Games
1440717738,Games
1229936971,Games
1435039979,Games
1125928986,Games
1344867254,Games
572395608,Games
1433321004,Games
1385296976,Games
1299745483,Games
1239458501,Games
1109408248,Games
569322760,Games
1276152771,Games
1222315344,Games
834878585,Games
1377579161,Games
1216104566,Games
674542013,Games
973082633,Games
606944207,Games
1140351199,Games
1146465836,Games
816613848,Games
1150250440,Games
1217925171,Games
880986739,Games
656971078,Games
1017177662,Games
1246056188,Games
1342092832,Games
1382118381,Games
1411855733,Games
1436436468,Games
993090598,Games
1217381921,Games
1116630619,Games
1258148849,Games
1310489416,Games
1149330452,Games
469231420,Games
824318267,Games
1163767933,Games
880047117,Games
1281097173,Games
968722771,Games
1060433597,Games
1217470965,Games
1246727462,Games
1319327640,Games
1306833495,Games
1253350127,Games
1332667372,Games
1316897004,Entertainment
718851141,Games
1252850847,Games
1367783892,Games
1387132780,Games
654661008,Games
970674839,Games
1163059069,Games
1434038607,Games
1004909104,Games
1188273490,Games
908984725,Games
1387863490,Games
1059056681,Games
1321388153,Games
1268419265,Games
1154436120,Games
1172713884,Finance
1097172005,Games
1348112947,Games
1221368520,Utilities
1263407176,Games
672828590,Games
1378815380,Games
563544551,Games
1313690490,Games
1179303760,Games
1214687662,Games
1434673207,Games
570426586,Games
1156058952,Games
1224594120,Social Networking
1136651961,Games
817828888,Games
1312736776,Games
1198143062,Games
1351301107,Games
951750534,Games
836517222,Games
582340397,Games
622333898,Games
898838405,Games
1352603023,Games
1320437054,Games
1317432383,Games
1344860098,Games
1363417265,Entertainment
918407138,Games
553269986,Games
431847426,Games
1341190782,Games
1222511829,Games
1441404620,Games
1225224679,Games
1304195474,Games
957750655,Games
1035310064,Games
1194629079,Games
1397437161,Games
1229242562,Games
1441947588,Games
1139102203,Games
881871116,Games
1266679534,Games
1345287500,Games
1431653170,Games
714059070,Games
1341612089,Games
888251661,Games
1382108510,Games
894322591,Games
1166178208,Games
1415522550,Games
922830533,Games
1101361993,Games
1396445486,Games
1115911787,Games
1050171910,Utilities
1268523196,Games
1118821553,Games
1275596481,Games
1429512050,Games
1438413584,Games
1073529893,Games
1092689152,Games
834805518,Health & Fitness
1159705605,Games
1096691395,Games
1394391665,Games
1257470161,Games
506627515,Games
1418961409,Games
1436670480,Games
442926616,Entertainment
1089531949,Games
990972073,Games
1324440110,Social Networking
969154545,Games
1436858026,Games
1164299747,Games
1400139649,Games
888220350,Games
1161651363,Games
1215987103,Games
1155497019,Games
1084176332,Games
939750856,Games
423593206,Games
1329894614,Games
951167822,Music
1050199833,Games
890115252,Games
1229855751,Games
995786938,Games
1053903979,Games
676273055,Games
1351250324,Games
1423529459,Games
527608339,Games
1163590581,Games
1103240532,Reference
1255563528,Games
718142284,Games
1386232971,Photo & Video
627672547,Games
858620699,Games
510590887,Games
1340316928,Games
406423598,Entertainment
1103747078,Games
286225933,Music
1424260331,Games
1183177580,Games
1177463161,Games
1292539617,Games
1446535007,Games
1312415605,Games
1184819134,Games
804750966,Games
1146240818,Games
457446957,Games
1339205191,Games
1186188514,Games
1299606522,Games
484370638,Games
1163575738,Games
1423033505,Games
1241932094,Games
1160728947,Games
1333414419,Games
1170781467,Games
1444037262,Games
1344463780,Games
1205846003,Games
1332599245,Games
1291542130,Games
1185307626,Games
1403467382,Music
520888232,Games
946496840,Games
965077134,Photo & Video
1162643019,Games
1273941529,Games
1091634286,News
1370775057,Games
1299507915,Games
1223323305,Games
1080487957,Games
1434289272,Games
1415326011,Games
1128172173,Games
1166128955,Games
1277152551,Games
1232508295,Games
1215132089,Games
1333045241,Games
1078297893,Games
1352903262,Games
1159703497,Games
995970417,Games
1278874687,Games
897381234,Games
1325700658,Games
926236399,Games
955186868,Music
417578679,Social Networking
479280326,Games
560372072,Games
1165999620,Photo & Video
1017187832,Music
1388444754,Games
1338676848,Games
1047571419,Games
1234939196,Books
642921173,Games
1290577765,Games
661051843,Games
1062417998,Music
657192163,Health & Fitness
1243055750,Games
978866413,Games
1117020645,Games
1192670763,Games
1437764328,Games
1245549541,Games
1181332356,Games
1090777855,Games
1018118677,Games
1408382149,Games
1181566990,Games
694008587,Games
1217379337,Games
979474617,Games
1062006344,Entertainment
979100082,Games
398884361,Games
1279210863,Games
1094656747,Games
1438483318,Games
932228293,Games
1343733764,Games
1112913794,Games
1343628016,Games
1396053153,Games
1053336483,Games
1153498642,Games
1396933847,Books
1443446174,Games
1357883503,Reference
1053518328,Games
1097112588,Games
1331407855,Games
1354873507,Games
1353701442,Games
1130943130,Games
1023278352,Utilities
361728765,Lifestyle
1403036309,Games
1133591036,Games
1401010115,Games
1297152391,Lifestyle
625316120,Games
1106603804,Social Networking
1352673609,Games
1433935212,Utilities
1360180566,Games
840103145,Games
1263205737,Games
1168550254,Games
1395486771,Games
1108483049,Games
1126394027,Games
1248502453,Entertainment
1375843445,Entertainment
862586824,Games
1352311601,Games
1076510389,Health & Fitness
1250923001,Games
1339073667,Games
1253455582,Games
477165510,Games
1001164812,Games
1324024113,Games
1335626273,Games
1324067879,Games
1222251060,Games
954930583,Games
1416467796,Games
595292762,Games
1301950382,Games
1340489453,Games
897544254,Games
1279364923,Games
1151109858,Games
1147002179,Games
1420686980,Games
1172447763,Games
1296697884,Games
1265157039,Games
1097476612,Social Networking
528016497,Entertainment
1186270102,Travel
1246281427,Games
1123579511,Games
878111881,Games
1040968153,Games
1089048531,Games
1195766931,Games
350426804,Social Networking
319881193,Social Networking
775402833,Games
582654048,Games
1047961826,Games
1263934706,Games
1379080711,Games
977150768,Games
1345968745,Games
645705454,Games
1400072268,Games
1314725881,Games
993492744,Games
927006017,Games
1335772572,Games
1333523965,Games
1277029359,Games
1383187127,Games
1425014150,Games
1352673609,Games
1433935212,Utilities
501478352,Finance
1406337644,Games
1297152391,Lifestyle
1225567974,Games
1369521645,Games
1106603804,Social Networking
977028266,Games
1301967636,Games
1277325019,Games
1176011642,Games
1085983127,Games
1436327767,Games
1321606577,Games
1276263909,Utilities
1372015773,Games
975364678,Games
1139991565,Utilities
1342112505,Games
1000876192,Games
1246165006,Entertainment
918606368,Games
1394442481,Games
1434521545,Games
1200921809,Games
1327435891,Games
1031509294,Games
1320296369,Games
1436008834,Games
1332583130,Games
1081075274,Games
1325530121,Games
1084813529,Games
1371293610,Games
1347666572,Games
1426300386,Games
1435899684,Games
1253048229,Games
937718942,Games
1233739175,Games
1153965204,Games
1333123447,Games
1350301428,Social Networking
1438716912,Games
1116645064,Games
1351719370,Games
506627515,Games
1436776211,Games
1320056680,Games
1423504857,Games
1431556749,Games
1089890170,Games
1437716878,Games
1342545230,Games
1145878423,Games
1393042194,Games
1146945768,Games
1402223859,Games
1191441346,Games
1093190533,Games
959810908,Games
1434397542,Games
1443190579,Games
1436060599,Games
445283501,Games
1219797995,Games
1327502235,Games
1348287060,Games
1237172656,Games
1288758206,Games
1440717738,Games
646803444,Games
1073986257,Games
1057968965,Music
670275118,Games
1435144729,Games
1443448674,Games
1424257445,Games
1134895689,Games
1159035153,Games
1316897004,Entertainment
1045165396,Games
1280910599,Games
1422866002,Games
652945710,Games
1439788667,Games
1317690198,Games
1059336403,Games
1437997401,Games
1313800622,Games
1413244113,Games
1225683141,Games
1181425807,Entertainment
372836496,Games
1153329252,Games
1119569595,Games
1071987042,Games
1202839666,Games
1371963481,Games
708600202,Games
1172213338,Games
867654947,Games
1297278170,Games
1308209088,Games
1229630187,Games
1239251106,Games
1142744199,Games
1300058820,Games
1296847499,Games
1434308527,Games
1236104279,Games
1390513753,Games
1103238599,Games
1193098743,Games
1278869953,Games
1243426580,Games
1314944814,Games
1262262200,Games
1117841866,Games
1002340615,Games
1321388153,Games
1035663788,Games
1336527043,Games
1321933151,Games
1192665604,Games
1196764367,Games
1403246503,Games
747403894,Games
1145500015,Games
1239065985,Games
1001164812,Games
1251301578,Games
1163590581,Games
954297954,Games
939529493,Games
1128172173,Games
1326696973,Games
924907196,Games
1316937847,Games
1217470965,Games
1089048531,Games
1291037694,Games
398884361,Games
1298579909,Games
950830884,Games
1021221577,Games
1355569471,Games
1338668933,Games
684168069,Games
1053903979,Games
970674839,Games
950949627,Games
1208359453,Games
354902315,Games
712908978,Photo & Video
1415025083,Games
1227477597,Games
1365459776,Games
959502665,Games
1197961218,Games
674475160,Games
962892510,Social Networking
718142284,Games
510590887,Games
627672547,Games
1296697884,Games
1313309508,Games
1248502453,Entertainment
1123685874,Games
1375487394,Games
897381234,Games
1354918944,Games
1058355648,Games
1169979118,Games
804750966,Games
1265035248,Lifestyle
1146128499,Games
1354452189,Games
1299611345,Games
1313161683,Games
1373043021,Games
1391324238,Games
1177953618,Games
1422972690,Games
1364187784,Games
1218331303,Games
1406739414,Games
1441445569,Games
1271341983,Games
1440363921,Games
1441292916,Games
1437487420,Games
1270205479,Games
1445434298,Games
1361842156,Games
1093108529,Entertainment
1438608172,Games
1434894823,Games
1316911967,Games
1185735018,Entertainment
1215026315,Games
1355694041,Games
1414096275,Games
1277056784,Games
1323088931,Games
1423608757,Games
1057554325,Games
1435807944,Games
1222275061,Games
1219432055,Games
1438154014,Games
1398987473,Games
1384410451,Games
1370475630,Games
1423527464,Games
1398702135,Games
1086101495,Entertainment
1434587078,Games
601186099,Games
1357403867,Games
1404418358,Games
1393779389,Games
1302018227,Games
1016876971,Games
1208418418,Games
1376833419,Games
1032985980,Games
1166542799,Entertainment
1039845801,Lifestyle
906357856,Games
1429512050,Games
969934912,Games
585528957,Games
640111933,Games
1088866155,Games
1286242780,Games
749046891,Entertainment
1090617661,Games
1351000424,Games
1353429202,Games
1414073922,Games
1180624641,Games
1383617381,Games
1357172215,Games
1144164707,Games
932426088,Games
1097808636,Games
1251847638,Games
513603251,Games
1081951977,Games
1136973333,Games
1001250333,Games
1437370468,Games
1349404829,Games
456355158,Games
1091456207,Games
1159692651,Games
1370245504,Games
1396519782,Games
1203100595,Games
1328266576,Games
1443448520,Games
1436044871,Games
1400134578,Games
1253027907,Games
1348678366,Games
966322463,Games
839599050,Games
1436817009,Games
1030310599,Games
887947640,Games
1147971825,Games
1164424437,Games
1068808996,Games
1376455581,Games
1325700658,Games
1214716040,Games
1263809665,Games
1299906160,Games
1310212267,Entertainment
1347732256,Games
1103427318,Games
1292316109,Entertainment
1183177580,Games
1370307852,Games
1118882627,Games
1184819134,Games
1153928817,Games
1238114713,Games
1112429079,Games
957253933,Games
1067497655,Games
1164507836,Games
816283225,Games
1318177580,Games
406423598,Entertainment
1297896111,Games
1286537390,Entertainment
1174964304,Photo & Video
587280925,Games
1329893045,Games
1361313065,Games
1293646758,Entertainment
1242807565,Games
995336631,Games
1389111413,Games
1246080229,Games
1277823046,Entertainment
635896473,Social Networking
1171311339,Games
1229594838,Games
1352311601,Games
1218756035,Games
1207493846,Games
1410299856,Games
1085489362,Games
859015438,Weather
1399924592,Games
625316120,Games
528016497,Entertainment
1013838575,Games
1400827947,Games
1138162108,Entertainment
1099718747,Photo & Video
1044550527,News
1063302971,Entertainment
378722461,Utilities
768101576,Games
1186268152,Travel
1315791553,Games
1138271196,Entertainment
1171026725,Games
966536279,Games
1339001756,Games
1363863879,Games
1433103489,Games
1359242454,Games
1176048946,Games
1344171057,Games
1154643370,Games
1187611970,Games
1403036309,Games
951704333,Photo & Video
1064017845,Games
389762204,Entertainment
598439078,Games
1337904119,Entertainment
1294995340,Games
1079277628,Education
592704252,Games
1161708554,Photo & Video
997728895,Weather
1258251166,Games
1183920377,Entertainment
1403550096,Games
1121121404,Games
1387166029,Health & Fitness
1439866856,Games
1433987262,Games
1163778886,Travel
1407604160,Games
1298839048,Games
1329894614,Games
1384700608,Games
1129361921,Games
1276477518,Games
1196652374,Photo & Video
473507897,Games
429774218,Games
1251893010,Games
1217267627,Music
1188384215,Games
525506779,Games
1236602596,Games
1418460739,Games
1255169680,Games
1017803760,Games
1132505572,Games
1086483007,Games
505446332,Social Networking
1264620108,Games
1073501073,Games
1207472156,Games
1213561116,Games
1446388648,Games
1202240058,Games
1432184360,Games
1340788392,Games
1242227872,Games
1034630958,Games
1032040117,Games
1258027083,Games
1092463062,Games
1193508329,Games
1434365829,Entertainment
1352933197,Games
1261300725,Games
1270046606,Games
959568432,Games
1353293340,Games
1281481626,Games
1071310449,Games
526641427,Games
1438493375,Games
1206761632,Games
859866568,Games
1224226281,Games
1438413584,Games
1301993731,Games
979401801,Utilities
1273162445,Games
1438001727,Lifestyle
734383232,Entertainment
1353166139,Games
1268503848,Lifestyle
630509137,Photo & Video
1075846391,Health & Fitness
1390992134,Games
1017186083,Games
1276695139,Games
1372638631,Games
1347712990,Games
1434995918,Games
1017368742,Games
1249943261,Games
828410902,Games
1097319948,Games
1346574263,Games
1438220071,Games
1436616007,Games
1190611967,Games
1361037484,Lifestyle
1161865954,Games
1122666528,Games
1065519624,Games
1023494154,Games
785356686,Games
1440287754,Games
1239740406,Games
1118295260,Games
936407606,Games
1017311881,Games
1024822336,Music
581754163,Lifestyle
469329213,Lifestyle
1329653234,Games
1129050711,Games
1196593303,Games
1096691395,Games
1434562378,Games
947742764,Games
1281721367,Games
com.pinger.textfree,Social
com.outfit7.talkingtomcandyrun,Arcade
com.LDRLY.budfarm420,Simulation
com.outfit7.mytalkingtom2,Casual
com.outfit7.talkingtomgoldrun,Action
com.outfit7.mytalkinghank,Casual
com.madebyappolis.spinrilla,Music & Audio
com.app.downloadmanager,Tools
